{"flutter":{"platforms":{"android":{"default":{"projectId":"auth-84f49","appId":"1:411928064781:android:34f6d958737dec1b29f644","fileOutput":"android/app/google-services.json"}},"ios":{"default":{"projectId":"auth-84f49","appId":"1:411928064781:ios:cb0fc7fecb09053029f644","uploadDebugSymbols":false,"fileOutput":"ios/Runner/GoogleService-Info.plist"}},"macos":{"default":{"projectId":"auth-84f49","appId":"1:411928064781:ios:cb0fc7fecb09053029f644","uploadDebugSymbols":false,"fileOutput":"macos/Runner/GoogleService-Info.plist"}},"dart":{"lib/firebase_options.dart":{"projectId":"auth-84f49","configurations":{"android":"1:411928064781:android:34f6d958737dec1b29f644","ios":"1:411928064781:ios:cb0fc7fecb09053029f644","macos":"1:411928064781:ios:cb0fc7fecb09053029f644","web":"1:411928064781:web:bd4001ee476c903f29f644","windows":"1:411928064781:web:0319f76beaf9056429f644"}}}}}}